Date,Vendor,FC,Appointment_ID,Status,Delay_Minutes,Exception_Type
2025-10-25,VendorA,BLR1,APT1001,Completed,0.0,None
2025-10-25,VendorB,MUM2,APT1002,Delayed,35.0,Traffic Delay
2025-10-26,VendorC,HYD1,APT1003,Cancelled,,Vendor Request
2025-10-27,VendorD,DEL1,APT1004,Completed,5.0,None
2025-10-27,VendorE,BLR1,APT1005,Delayed,50.0,Slot Reschedule
2025-10-28,VendorA,BLR1,APT1006,Completed,0.0,None
2025-10-28,VendorB,MUM2,APT1007,Delayed,20.0,Traffic Delay
2025-10-29,VendorF,CHE1,APT1008,Completed,0.0,None
